clonotype_id,frequency,proportion,cdr3s_aa,cdr3s_nt,inkt_evidence,mait_evidence
clonotype1,1552,0.5600866113316493,TRB:CASSLGTGIGYYGYTF;TRA:CARNTGNQFYF,TRB:TGTGCCAGCAGTCTAGGGACAGGGATCGGCTACTATGGCTACACCTTC;TRA:TGTGCCCGGAACACCGGTAACCAGTTCTATTTT,,TRB:gene
clonotype2,288,0.10393359797906893,TRB:CASLYGGGGNEQFF;TRA:CAADDTNTGNQFYF;TRA:CAVSAINEKLTF,TRB:TGTGCCAGCCTATACGGGGGAGGGGGCAATGAGCAGTTCTTC;TRA:TGTGCTGCCGACGATACGAACACCGGTAACCAGTTCTATTTT;TRA:TGTGCTGTGAGTGCTATAAATGAGAAATTAACCTTT,,
clonotype3,243,0.08769397329483941,TRB:CASSFQGYTEAFF;TRA:CADYYGQNFVF,TRB:TGTGCCAGCAGTTTTCAGGGATACACTGAAGCTTTCTTT;TRA:TGTGCTGACTACTATGGTCAGAATTTTGTCTTT,,
clonotype4,206,0.07434139299891736,TRB:CASSLGTGIGYYGYTF,TRB:TGTGCCAGCAGTCTAGGGACAGGGATCGGCTACTATGGCTACACCTTC,,TRB:gene
clonotype5,166,0.059906171057380005,TRB:CASLYGGGGNEQFF;TRA:CAADDTNTGNQFYF,TRB:TGTGCCAGCCTATACGGGGGAGGGGGCAATGAGCAGTTCTTC;TRA:TGTGCTGCCGACGATACGAACACCGGTAACCAGTTCTATTTT,,
clonotype6,163,0.058823529411764705,TRB:CASSPSPQLAGTDTQYF;TRA:CAYSNYQLIW,TRB:TGTGCCAGCAGCCCCAGCCCCCAGCTAGCGGGCACAGATACGCAGTATTTT;TRA:TGTGCTTATAGCAACTATCAGTTAATCTGG,,
clonotype7,26,0.009382894261999277,TRB:CASSSAHYGYTF;TRA:CAGPRKTSYDKVIF,TRB:TGTGCCAGCAGTTCGGCCCACTATGGCTACACCTTC;TRA:TGTGCTGGGCCCAGGAAAACCTCCTACGACAAGGTGATATTT,,
clonotype8,24,0.00866113316492241,TRB:CASSPAAGVTETQYF;TRA:CAVRRDSGYALNF,TRB:TGTGCCAGCAGTCCTGCAGCGGGAGTAACAGAGACCCAGTACTTC;TRA:TGTGCTGTGAGGCGGGATTCCGGGTATGCACTCAACTTC,,TRB:gene
clonotype9,24,0.00866113316492241,TRB:CASSPVTGSPYGYTF;TRA:CARNTGNQFYF,TRB:TGTGCCAGCAGCCCCGTGACAGGGAGCCCTTATGGCTACACCTTC;TRA:TGTGCCAGGAACACCGGTAACCAGTTCTATTTT,,TRB:gene
clonotype10,21,0.007578491519307109,TRB:CASLYGGGGNEQFF;TRA:CAVSAINEKLTF,TRB:TGTGCCAGCCTATACGGGGGAGGGGGCAATGAGCAGTTCTTC;TRA:TGTGCTGTGAGTGCTATAAATGAGAAATTAACCTTT,,
clonotype11,15,0.0054132082280765065,TRB:CASSHDGWGTEAFF;TRA:CAVDYNSNSGYALNF,TRB:TGTGCCAGCAGCCATGACGGATGGGGCACTGAAGCTTTCTTT;TRA:TGTGCTGTGGATTATAACTCAAATTCCGGGTATGCACTCAACTTC,,
clonotype12,9,0.003247924936845904,TRB:CASSRVVAGGVGNEQFF;TRA:CALYNFNKFYF;TRA:CAVQEQNDMRF,TRB:TGTGCCAGCAGCAGGGTAGTAGCGGGGGGCGTGGGCAATGAGCAGTTCTTC;TRA:TGTGCCTTATACAACTTCAACAAATTTTACTTT;TRA:TGTGCTGTGCAGGAACAAAATGACATGCGCTTT,,
clonotype13,8,0.00288704438830747,TRB:CASRSQGTLEAFF;TRA:CALSSLGPASGTYKYIF;TRA:CAMTDGQNFVF,TRB:TGTGCCAGCAGGTCACAGGGAACACTTGAAGCTTTCTTT;TRA:TGTGCTCTGAGTTCCCTGGGACCGGCCTCAGGAACCTACAAATACATCTTT;TRA:TGTGCAATGACCGATGGTCAGAATTTTGTCTTT,,
clonotype14,6,0.0021652832912306026,TRB:CASRTYQAGDEGEQYF;TRA:CAFITTFDNYGQNFVF,TRB:TGTGCCAGCAGGACGTACCAAGCGGGAGATGAGGGCGAGCAGTACTTC;TRA:TGTGCTTTCATTACGACGTTCGATAACTATGGTCAGAATTTTGTCTTT,,
clonotype15,3,0.0010826416456153013,TRB:CASSSVAGWTF;TRA:CAVVDNYGQNFVF,TRB:TGTGCCAGCAGTTCCGTTGCCGGGTGGACCTTC;TRA:TGTGCTGTGGTCGATAACTATGGTCAGAATTTTGTCTTT,,
clonotype16,2,0.0007217610970768675,TRB:CASSLGTGIGYYGYTF;TRB:CASSPQTGAIYEQYF;TRA:CAVLYGNKLVF,TRB:TGTGCCAGCAGTCTAGGGACAGGGATCGGCTACTATGGCTACACCTTC;TRB:TGTGCCAGCAGCCCCCAGACAGGGGCCATCTACGAGCAGTACTTC;TRA:TGTGCTGTTTTATATGGAAACAAGCTGGTCTTT,,TRB:gene
clonotype17,2,0.0007217610970768675,TRB:CASSGLAGLLETQYF;TRA:CAVRPDSNYQLIW,TRB:TGTGCCAGCAGTGGGCTAGCGGGATTGTTAGAGACCCAGTACTTC;TRA:TGTGCTGTGAGGCCGGATAGCAACTATCAGTTAATCTGG,,TRB:gene
clonotype18,1,0.00036088054853843375,TRB:CASSSANYGYTF;TRA:CAGPMKTSYDKVIF,TRB:TGTGCCAGCAGTTCGGCGAACTATGGCTACACCTTC;TRA:TGTGCTGGGCCCATGAAAACCTCCTACGACAAGGTGATATTT,,
clonotype19,1,0.00036088054853843375,TRB:CASSLGTGIGYYGYTF;TRB:CASSRDRVNQPQHF;TRA:CATDDGQKLLF,TRB:TGTGCCAGCAGTCTAGGGACAGGGATCGGCTACTATGGCTACACCTTC;TRB:TGTGCCAGCAGCCGGGACAGGGTAAATCAGCCCCAGCATTTT;TRA:TGTGCTACGGACGATGGCCAGAAGCTGCTCTTT,,TRB:gene
clonotype20,1,0.00036088054853843375,TRB:CASSIIGTGDEQFF;TRA:CAYEGLDDMRF,TRB:TGTGCCAGTAGTATTATCGGGACAGGGGATGAGCAGTTCTTC;TRA:TGTGCTTATGAAGGGTTGGATGACATGCGCTTT,,
clonotype21,1,0.00036088054853843375,TRB:CASSFSGGTDEQYF;TRA:CAIRGSNYKLTF,TRB:TGTGCCAGCAGCTTTAGCGGGGGAACGGACGAGCAGTACTTC;TRA:TGTGCAATCCGCGGTAGCAACTATAAACTGACATTT,,
clonotype22,1,0.00036088054853843375,TRB:CASTPVTGAPWEQYF;TRA:CAVNYGNKLVF,TRB:TGTGCCAGCACCCCGGTCACAGGGGCACCGTGGGAGCAGTACTTC;TRA:TGTGCTGTGAACTATGGAAACAAGCTGGTCTTT,,TRB:gene
clonotype23,1,0.00036088054853843375,TRB:CASSPWAGERETQYF;TRA:CAVRPDSNYQLIW,TRB:TGTGCCAGCAGCCCATGGGCGGGAGAACGTGAGACCCAGTACTTC;TRA:TGTGCTGTGAGGCCCGATAGCAACTATCAGTTAATCTGG,,TRB:gene
clonotype24,1,0.00036088054853843375,TRB:CASSLGTGIGYYGYTF,TRB:TGTGCCAGCAGTCTAGGGACAGGGATCGGCTACTATGGCTACACCTTC,,TRB:gene
clonotype25,1,0.00036088054853843375,TRB:CASRTYQAGDEGEQYF,TRB:TGTGCCAGCAGGACGTACCAAGCGGGAGATGAGGGCGAGCAGTACTTC,,
clonotype26,1,0.00036088054853843375,TRB:CASRTYQAGDEGEQYF,TRB:TGTGCCAGCAGGACGTACCAAGCGGGAGATGAGGGCGAGCAGTACTTC,,
clonotype27,1,0.00036088054853843375,TRB:CASSLTSGHSYEQYF;TRA:CAVGGNRDDKIIF,TRB:TGTGCCAGCAGCCTAACTAGCGGGCACTCCTACGAGCAGTACTTC;TRA:TGTGCTGTGGGGGGGAACAGAGATGACAAGATCATCTTT,,
clonotype28,1,0.00036088054853843375,TRB:CASSQLVGVGADTQYF;TRA:CALYMNRDDKIIF,TRB:TGCGCCAGCAGCCAGCTCGTTGGGGTAGGAGCAGATACGCAGTATTTT;TRA:TGTGCTCTCTACATGAACAGAGATGACAAGATCATCTTT,,
clonotype29,1,0.00036088054853843375,TRB:CASSPTAGQAVGMAQHF;TRA:CAASADGGSNYKLTF,TRB:TGCGCCAGCAGCCCAACGGCGGGACAGGCGGTTGGAATGGCCCAGCATTTT;TRA:TGTGCAGCAAGCGCGGATGGAGGTAGCAACTATAAACTGACATTT,,
clonotype30,1,0.00036088054853843375,TRB:CASLYGGGGNEQFF,TRB:TGTGCCAGCCTATACGGGGGAGGGGGCAATGAGCAGTTCTTC,,
