raw_clonotype_id,cdr3,v_gene,j_gene,n
clonotype1,CASSLGTGIGYYGYTF,TRBV6-5,TRBJ1-2,1533
clonotype2,CASLYGGGGNEQFF,TRBV13,TRBJ2-1,288
clonotype3,CASSFQGYTEAFF,TRBV28,TRBJ1-1,236
clonotype4,CASSLGTGIGYYGYTF,TRBV6-5,TRBJ1-2,206
clonotype5,CASLYGGGGNEQFF,TRBV13,TRBJ2-1,166
clonotype6,CASSPSPQLAGTDTQYF,TRBV9,TRBJ2-3,159
clonotype7,CASSSAHYGYTF,TRBV12-4,TRBJ1-2,25
clonotype8,CASSPAAGVTETQYF,TRBV6-6,TRBJ2-5,24
clonotype9,CASSPVTGSPYGYTF,TRBV6-5,TRBJ1-2,24
clonotype10,CASLYGGGGNEQFF,TRBV13,TRBJ2-1,21
clonotype11,CASSHDGWGTEAFF,TRBV11-2,TRBJ1-1,15
clonotype12,CASSRVVAGGVGNEQFF,TRBV3-1,TRBJ2-1,9
clonotype13,CASRSQGTLEAFF,TRBV28,TRBJ1-1,8
clonotype14,CASRTYQAGDEGEQYF,TRBV5-6,TRBJ2-7,6
clonotype15,CASSSVAGWTF,TRBV12-4,TRBJ1-2,3
clonotype16,CASSPQTGAIYEQYF,TRBV6-5,TRBJ2-7,2
clonotype17,CASSGLAGLLETQYF,TRBV6-6,TRBJ2-5,2
clonotype16,CASSLGTGIGYYGYTF,TRBV6-5,TRBJ1-2,1
clonotype18,CASSSANYGYTF,TRBV12-4,TRBJ1-2,1
clonotype19,CASSLGTGIGYYGYTF,TRBV6-5,TRBJ1-2,1
